Timestamp,2018-02-07 23:09:15
"[단독] '가상화폐 거래' 금감원 직원, 징계 안해",김형민 기자
"현대차 야심작' 신형 싼타페, 연비 개선은 글쎄",김참 기자
애플 배터리 교체 할인에…국내 중고 아이폰 값 상승,안별 기자
한국GM 철수설 재점화…실적 부진·강성노조 이중고,진상훈 기자
"평창, 노로바이러스 비상…확진 86명으로 늘어",허지윤 기자
"지난해 개미 평균 보유주식 감소, 양도세 강화 탓?",안재만 기자
"머스크, 화성 탐사 현실로?…'팰컨 헤비' 발사 성공",김민수 기자
한미약품 부활하나…목표주가 줄줄이 상향조정,전준범 기자
침체기 벗어나는 미국…금융시장 변동성 커지나,세종=조귀동 기자
"부동산 규제 피난처' 레지던스, 알고보니 곳곳 함정",우고운 기자
Timestamp,2018-02-07 23:09:28
남친 부모님이 아래층에 살고 계셨답니다,http://pann.nate.com/talk/340738516
진상들은 알바를 노예라고 생각하나봐요,http://pann.nate.com/talk/340738636
어린이집 친구들 초대해서 파티한 윗집,http://pann.nate.com/talk/340736118
매일 인스턴트만 먹인다고 구박한 남편,http://pann.nate.com/talk/340738656
집 비웠는데 난방비만 30만원 나왔습니다,http://pann.nate.com/talk/340733612
두 얼굴의 남자친구와 결혼 해도 될까요?,http://pann.nate.com/talk/340725245
배우자와의 입장 차이가 좁혀지지 않습니다,http://pann.nate.com/talk/340733619
친구가 자꾸 신혼집에 찾아옵니다,http://pann.nate.com/talk/340737883
그냥 집에서 살림만 하면 안되나요?,http://pann.nate.com/talk/340736282
우리 할머니가 취미로 그린 그림,http://pann.nate.com/talk/340730162
Timestamp,2018-02-08 9:56:57
재수했는데 대학 다 떨어졌네,http://pann.nate.com/talk/340734695
물에서 철가루 나오는 숙박업소,http://pann.nate.com/talk/340724714
대학붙은 딸 뺨때리는 엄마,http://pann.nate.com/talk/340732902
출퇴근길 이해되지 않는 사람들의 태도,http://pann.nate.com/talk/340723185
회사에서 제 별명이 너무 충격적이예요,http://pann.nate.com/talk/340738562
자존감 떨어지는 연애 너무 어렵습니다,http://pann.nate.com/talk/340723283
배우자와의 입장 차이가 좁혀지지 않습니다,http://pann.nate.com/talk/340733619
친구가 자꾸 신혼집에 찾아옵니다,http://pann.nate.com/talk/340737883
교회 갈만큼 제가 좋다는데 저는...,http://pann.nate.com/talk/340735410
세 남자 먹여살리는 요리,http://pann.nate.com/talk/340712076
Timestamp,2018-02-08 9:59:17
평창'올림픽인데… 서울역·청량리역 호텔들이 동났다,김충령 기자
첫 삽도 못 뜨고 끝난 세종시 태양광 테스트 단지,세종=전성필 기자
삼성의 공격 투자 DNA가 되살아났다,박건형 기자
조여오는 삼성 지배구조 압박… 이재용의 선택은,전재호 기자
"GE 의학 디렉터 ""선수 부상, 언어 달라도 치료 가능""",강인효 기자
부동산 경매시장 수요자 뜸한데 낙찰가는 '고공행진',김수현 기자
"""아연 부족하면 아토피·천식 등 면역질환 올 수 있다""",허지윤 기자
"기아의 호랑이, 코끼리 나라 질주한다",뉴델리(인도)=김성민 기자
삼성·SK… 반도체 대기업 중소기업 투자로 협력 추진,전성필 기자
미니 골프장·혼밥존… 가고 싶어지는 '이색 휴게소',이미지 기자
